Dzielnica,Metraż,Pokoje,Piętro,Cena
Białołęka,65.52,3,2,786240.0
Żoliborz,65.0,4,2,1092000.0
Praga-Południe,36.0,1,2,660000.0
Włochy,37.0,2,2,540000.0
Praga-Południe,60.0,3,2,1280000.0
Mokotów,57.47,3,2,1598000.0
Mokotów,64.0,3,2,1100000.0
Wola,33.0,1,2,986700.0
Mokotów,54.5,3,2,1470000.0
Mokotów,88.02,4,2,1650000.0
Wola,67.0,3,2,2450000.0
Wilanów,86.6,3,2,1896540.0
Wilanów,80.4,3,2,1680000.0
Mokotów,63.0,3,2,1360000.0
Wilanów,83.0,3,2,1650000.0
Bemowo,90.5,3,2,1674250.0
Ursynów,61.0,3,2,1100000.0
Mokotów,47.0,2,2,729000.0
Białołęka,50.9,2,2,720000.0
Bemowo,87.21,3,2,1320000.0
Ochota,47.13,2,2,869000.0
Wola,48.0,2,2,845000.0
Praga-Południe,67.35,4,2,1290000.0
Praga-Południe,40.33,2,2,845000.0
Praga-Południe,65.63,3,2,1247000.0
Praga-Południe,68.31,3,2,1368000.0
Praga-Południe,45.44,2,2,940000.0
Praga-Południe,46.14,2,2,959720.0
Praga-Południe,45.68,2,2,941000.0
Praga-Południe,43.5,2,2,930000.0
Wola,92.0,4,2,20990.0
Praga-Północ,47.0,3,2,600000.0
Wawer,76.4,4,2,1350000.0
Ursynów,51.0,2,2,798000.0
Włochy,62.0,2,2,990000.0
Bielany,45.2,2,2,673480.0
Ursus,49.0,2,2,898000.0
Włochy,37.0,2,2,540000.0
Praga-Południe,30.0,1,2,685000.0
Wola,56.0,3,2,840000.0
Targówek,60.66,3,2,1200000.0
Białołęka,116.0,5,2,10026.0
Targówek,84.7,3,2,1299000.0
Białołęka,72.0,3,2,1020000.0
Wola,77.0,4,2,21168.0
Mokotów,49.14,2,2,877771.0
Wola,99.0,4,2,23550.0
Mokotów,38.2,2,2,643670.0
Ursus,45.2,2,2,769000.0
Mokotów,72.74,4,2,1043819.0
Praga-Południe,49.54,2,2,1326000.0
Bielany,49.62,2,2,1166070.0
Mokotów,7542.0,4,2,1097361.0
Wilanów,85.42,3,2,2800000.0
Mokotów,50.0,3,2,779999.0
Bielany,55.0,3,2,1016020.0
Żoliborz,71.85,4,2,1243005.0
Bielany,38.36,2,2,678353.0
Bielany,51.95,3,2,971465.0
Bielany,38.36,2,2,692398.0
Żoliborz,60.0,3,2,1045975.0
Wawer,124.77,5,2,1350000.0
Praga-Południe,65.0,3,2,889000.0
Białołęka,50.23,3,2,598412.0
Białołęka,51.53,3,2,660000.0
Praga-Południe,54.73,3,2,947442.0
Praga-Południe,36.93,2,2,700000.0
Praga-Południe,30.0,1,2,685000.0
Praga-Południe,51.31,3,2,932311.0
Białołęka,43.46,2,2,543250.0
Białołęka,50.45,3,2,707932.0
Mokotów,56.4,3,2,893940.0
Mokotów,78.78,4,2,1446401.0
Mokotów,33.13,2,2,701296.0
Mokotów,39.92,2,2,781633.0
Mokotów,59.12,3,2,1117368.0
Śródmieście,22.84,1,2,559000.0
Mokotów,45.05,2,2,905000.0
Wola,32.0,2,2,750000.0
Ursynów,135.0,5,2,2566543.0
Praga-Południe,120.0,4,2,1999000.0
Ochota,80.57,3,2,1649800.0
Praga-Południe,64.0,3,2,848000.0
Mokotów,48.0,3,2,729000.0
Wawer,48.0,2,2,768000.0
Mokotów,45.0,3,2,830000.0
Śródmieście,71.0,3,2,1370000.0
Bemowo,45.81,2,2,719000.0
Śródmieście,93.0,4,2,29500.0
Białołęka,81.0,3,2,849000.0
Praga-Północ,27.58,1,2,601244.0
Mokotów,72.54,3,2,1394508.0
Wawer,107.59,4,2,1270000.0
Włochy,97.54,4,2,2233666.0
Praga-Północ,38.39,2,2,748605.0
Włochy,73.89,3,2,1056627.0
Ursus,56.27,2,2,813101.0
Praga-Południe,51.31,3,2,932311.0
Praga-Północ,245.63,5,2,7093980.0
Wola,37.3,2,2,786000.0
Wilanów,43.1,2,2,990000.0
Wola,41.53,2,2,1059000.0
Praga-Południe,59.0,2,2,15385.0
Białołęka,63.0,3,2,12904.0
Praga-Południe,37.88,2,2,819000.0
Bemowo,72.41,4,2,1199878.0
Praga-Południe,65.12,3,2,1243792.0
Białołęka,67.6,3,2,986284.0
Mokotów,66.98,3,2,1374429.0
Wilanów,134.56,4,2,3810379.0
Białołęka,70.24,4,2,863952.0
Praga-Południe,40.85,2,2,710967.0
Włochy,59.91,3,2,959523.0
Białołęka,51.0,3,2,699000.0
Śródmieście,37.21,1,2,841000.0
Praga-Południe,46.0,2,2,840000.0
Praga-Południe,149.0,5,2,22900.0
Ursus,45.06,2,2,725466.0
Białołęka,37.03,2,2,551747.0
Wola,65.78,3,2,1574000.0
Śródmieście,97.38,4,2,3371536.0
Wawer,124.77,5,2,1350000.0
Śródmieście,66.07,3,2,2907080.0
Śródmieście,47.5,2,2,829000.0
Włochy,59.23,3,2,999800.0
Włochy,16.0,4,2,1151184.0
Ursus,45.12,2,2,685824.0
Żoliborz,63.1,2,2,999000.0
Praga-Południe,67.27,3,2,1319000.0
Włochy,41.49,2,2,856615.0
Wola,63.0,3,2,1220000.0
Mokotów,26.5,1,2,544574.0
Śródmieście,26.7,2,2,499000.0
Białołęka,84.0,4,2,13349.0
Targówek,107.09,5,2,1317207.0
Mokotów,57.0,3,2,938244.0
Ochota,61.0,2,2,1460000.0
Wilanów,83.0,3,2,1640000.0
Białołęka,53.7,2,2,635000.0
Ursus,46.08,3,2,920000.0
Wola,35.13,2,2,919999.0
Mokotów,27.9,1,2,499999.0
Białołęka,62.0,3,2,990000.0
Mokotów,48.0,3,2,671952.0
Białołęka,64.19,3,2,751680.0
Wesoła,35.5,2,2,530000.0
Mokotów,74.0,3,2,1819020.0
Żoliborz,62.0,3,2,1500000.0
Praga-Południe,40.98,2,2,846000.0
Mokotów,155.46,5,2,1990000.0
Praga-Południe,39.8,1,2,699000.0
Białołęka,34.9,2,2,527288.0
Praga-Południe,78.4,2,2,1990000.0
Białołęka,57.07,3,2,732480.0
Mokotów,65.29,3,2,2100000.0
Inna,115.0,4,2,1119000.0
Mokotów,84.8,3,2,1780000.0
Wilanów,117.83,3,2,2574000.0
Wilanów,183.82,5,2,3300000.0
Mokotów,50.75,2,2,1149000.0
Wilanów,192.09,5,2,5700000.0
Włochy,41.49,2,2,856615.0
Wola,21.4,1,2,499000.0
Mokotów,9.5,3,2,1499000.0
Białołęka,59.0,3,2,13215.0
Ursynów,86.47,4,2,1456774.0
Białołęka,101.0,3,2,12997.0
Ursus,59.54,4,2,1091070.0
Praga-Południe,75.28,3,2,1300000.0
Mokotów,40.89,2,2,980133.0
Praga-Północ,29.23,1,2,590446.0
Włochy,55.65,2,2,900138.0
Włochy,93.46,4,2,2229021.0
Śródmieście,71.0,3,2,1990000.0
Praga-Północ,39.0,2,2,770000.0
Praga-Północ,58.25,3,2,1275456.0
Białołęka,77.07,4,2,1310000.0
Ursus,49.0,2,2,719000.0
Wilanów,31.76,1,2,17.0
Wola,41.52,2,2,990000.0
Ursus,44.12,2,2,701508.0
Praga-Południe,28.58,1,2,584600.0
Praga-Północ,72.0,4,2,19095.0
Wola,59.05,3,2,1341000.0
Mokotów,49.76,2,2,1143982.0
Białołęka,54.57,3,2,682125.0
Mokotów,10.0,3,2,849277.0
Inna,115.0,4,2,1119000.0
Targówek,37.9,2,2,470000.0
Śródmieście,55.67,2,2,830000.0
Białołęka,54.09,3,2,727510.0
Włochy,27.63,1,2,522500.0
Bielany,67.67,3,2,1294933.0
Wola,21.4,1,2,499000.0
Bielany,113.0,4,2,18400.0
Białołęka,72.0,4,2,12900.0
Bemowo,61.71,3,2,1033200.0
Śródmieście,50.0,2,2,1090000.0
Praga-Południe,39.19,2,2,834747.0
Białołęka,65.16,3,2,929182.0
Ochota,55.04,2,2,815000.0
Białołęka,66.0,3,2,949999.0
Mokotów,68.0,3,2,1795000.0
Ochota,37.38,2,2,849000.0
Praga-Północ,47.0,3,2,600000.0
Wawer,62.0,3,2,13517.0
Włochy,92.0,5,2,14183.0
Wawer,68.8,3,2,930000.0
Mokotów,37.2,2,2,739900.0
Białołęka,59.18,3,2,804848.0
Wawer,107.59,4,2,1270000.0
Targówek,58.0,3,2,799000.0
Rembertów,47.7,2,2,599000.0
Wola,63.73,3,2,1601000.0
Wola,131.0,4,2,34500.0
Białołęka,75.0,4,2,13305.0
Białołęka,51.5,2,2,717309.0
Bielany,24.0,1,2,430000.0
Śródmieście,77.73,3,2,1950000.0
Ursus,76.41,3,2,1077381.0
Mokotów,31.0,2,2,790000.0
Mokotów,49.5,3,2,677000.0
Żoliborz,45.9,2,2,799000.0
Praga-Południe,32.0,2,2,627200.0
Bielany,42.75,2,2,908523.0
Śródmieście,96.74,4,2,4043084.0
Śródmieście,41.44,2,2,1088000.0
Bielany,26.5,2,2,420000.0
Mokotów,65.5,3,2,1066342.0
Bemowo,36.5,2,2,660000.0
Włochy,75.0,4,2,1167850.0
Ochota,50.0,3,2,970000.0
Targówek,64.0,3,2,808000.0
Mokotów,48.14,2,2,620000.0
Praga-Południe,51.8,2,2,874000.0
Żoliborz,125.0,5,2,25443.0
Białołęka,62.42,3,2,768900.0
Włochy,54.56,3,2,965000.0
Mokotów,84.8,4,2,1185000.0
Śródmieście,46.0,2,2,795000.0
Ursus,62.0,3,2,13400.0
Wola,50.8,2,2,1049000.0
Wola,30.55,1,2,59.0
Białołęka,37.09,2,2,561913.0
Wawer,124.77,5,2,1350000.0
Śródmieście,40.0,1,2,750000.0
Praga-Południe,50.99,2,2,841142.0
Praga-Północ,36.53,2,2,668499.0
Praga-Południe,102.38,2,2,2369192.0
Śródmieście,38.28,2,2,690000.0
Białołęka,51.5,2,2,717309.0
Białołęka,35.3,2,2,537310.0
Mokotów,45.0,2,2,1137500.0
Wola,58.93,3,2,849000.0
Białołęka,41.0,2,2,651900.0
Śródmieście,53.0,2,2,940000.0
Wilanów,67.26,3,2,960000.0
Ochota,48.97,3,2,730000.0
Ochota,116.1,4,2,2300000.0
Śródmieście,38.8,2,2,680000.0
Ochota,129.6,5,2,2350000.0
Bemowo,52.0,2,2,1050000.0
Bielany,42.0,1,2,730000.0
Praga-Południe,76.1,4,2,1040000.0
Mokotów,54.97,3,2,874000.0
Białołęka,65.0,3,2,989000.0
Śródmieście,28.98,1,2,1169000.0
Wilanów,64.19,3,2,1116906.0
Wawer,50.13,2,2,827145.0
Wawer,82.24,3,2,960000.0
Ochota,53.24,2,2,1035000.0
Praga-Południe,85.0,4,2,1300000.0
Mokotów,43.0,2,2,770000.0
Wola,55.6,3,2,830000.0
Bielany,38.0,2,2,580000.0
Mokotów,198.0,5,2,3300000.0
Mokotów,152.6,4,2,5700000.0
Ochota,55.1,3,2,1100000.0
Wola,41.09,1,2,1235000.0
Mokotów,44.0,2,2,790000.0
Wola,54.3,2,2,1190000.0
Praga-Południe,78.52,4,2,1450000.0
Praga-Północ,47.0,3,2,600000.0
Praga-Północ,66.52,3,2,1460000.0
Białołęka,39.47,2,2,647000.0
Bemowo,57.99,3,2,1050600.0
Wawer,54.55,3,2,793730.0
Białołęka,35.3,2,2,537310.0
Praga-Północ,38.82,1,2,690996.0
Wawer,72.43,4,2,968968.0
Białołęka,52.3,3,2,716477.0
Praga-Południe,71.99,3,2,1317417.0
Białołęka,64.0,3,2,12198.0
Wilanów,124.38,4,2,2700000.0
Mokotów,105.96,4,2,3500000.0
Wilanów,108.0,3,2,2150000.0
Mokotów,117.0,5,2,1790000.0
Wilanów,92.0,3,2,1820000.0
Wilanów,88.0,5,2,16800.0
Ursynów,32.09,2,2,886165.0
Wilanów,51.52,3,2,913965.0
Wawer,76.02,4,2,931245.0
Białołęka,39.1,4,2,850000.0
Mokotów,108.02,5,2,1995237.0
Praga-Północ,59.0,3,2,1399000.0
Praga-Południe,84.61,4,2,1800000.0
Targówek,57.2,3,2,799000.0
Ursus,59.44,3,2,1086266.0
Ursynów,44.78,2,2,695827.0
Białołęka,81.59,4,2,1084981.0
Inna,115.0,4,2,1119000.0
Mokotów,62.4,3,2,1498000.0
Bemowo,43.55,2,2,792610.0
Śródmieście,97.18,4,2,3375352.0
Praga-Północ,42.49,2,2,705666.0
Mokotów,50.9,2,2,1481190.0
Praga-Północ,38.82,1,2,690996.0
Praga-Południe,40.0,2,2,659000.0
Wola,58.65,3,2,1096755.0
Mokotów,87.2,4,2,1264400.0
Białołęka,70.12,3,2,999210.0
Bemowo,43.42,2,2,814266.0
Ursynów,29.08,1,2,684201.0
Ursus,50.16,3,2,797544.0
Praga-Południe,50.0,2,2,675000.0
Mokotów,37.5,2,2,1050000.0
Mokotów,40.5,2,2,1000000.0
Bielany,70.0,3,2,1499999.0
Praga-Południe,48.0,2,2,910000.0
Białołęka,63.61,3,2,851046.0
Mokotów,45.58,2,2,774162.0
Włochy,37.71,2,2,657941.0
Praga-Południe,54.26,2,2,1291388.0
Białołęka,48.38,2,2,638616.0
Wawer,43.81,2,2,731627.0
Białołęka,70.1,3,2,911230.0
Śródmieście,55.04,3,2,1816320.0
Białołęka,38.0,2,2,570000.0
Ursus,66.23,4,2,1017955.0
Wawer,42.04,2,2,641775.0
Mokotów,79.17,4,2,1425060.0
Wilanów,113.26,4,2,3270068.0
Ursus,43.84,2,2,697056.0
Wola,127.71,5,2,2799000.0
Wawer,107.59,4,2,1270000.0
Białołęka,52.66,3,2,605590.0
Wola,46.56,2,2,1606320.0
Bemowo,41.38,2,2,707598.0
Bemowo,29.9,2,2,570000.0
Praga-Południe,40.0,1,2,669000.0
Praga-Południe,40.0,2,2,659000.0
Ochota,47.0,3,2,1020000.0
Śródmieście,35.46,2,2,849000.0
Mokotów,53.0,2,2,1340000.0
Praga-Południe,78.2,4,2,1050000.0
Wilanów,96.01,4,2,2016210.0
Praga-Północ,73.71,3,2,1348893.0
Białołęka,70.14,4,2,1006509.0
Mokotów,41.47,1,2,1305488.0
Ursus,50.44,3,2,807758.0
Białołęka,54.85,3,2,704222.0
Białołęka,66.43,4,2,730730.0
Mokotów,53.53,2,2,927516.0
Targówek,107.09,5,2,1317207.0
Żoliborz,62.09,3,2,1677000.0
Ochota,34.34,1,2,894900.0
Białołęka,33.23,2,2,498450.0
Mokotów,65.59,4,2,835000.0
Wola,52.29,2,2,975000.0
Wawer,80.28,4,2,960852.0
Bemowo,41.94,2,2,748629.0
Ursus,43.76,2,2,714620.0
Mokotów,39.0,2,2,640000.0
Mokotów,49.51,2,2,1470000.0
Targówek,35.41,2,2,543143.0
Białołęka,104.64,4,2,1035936.0
Wawer,124.77,5,2,1350000.0
Bemowo,63.55,3,2,1073995.0
Praga-Północ,52.57,2,2,1471960.0
Ursus,58.65,3,2,950130.0
Ochota,47.96,2,2,759000.0
Praga-Północ,58.11,3,2,1330719.0
Praga-Południe,78.2,4,2,1050000.0
Mokotów,34.49,2,2,726014.0
Włochy,25.45,1,2,497322.0
Mokotów,31.32,2,2,783000.0
Wola,40.64,2,2,837184.0
Wola,42.81,2,2,1231001.0
Białołęka,118.9,4,2,1947090.0
Mokotów,155.46,5,2,1990000.0
Wilanów,72.7,3,2,1490000.0
Ursynów,63.0,2,2,817000.0
Mokotów,34.44,2,2,716594.0
Mokotów,54.38,3,2,1017911.0
Mokotów,57.0,3,2,1125000.0
Mokotów,71.25,3,2,1303379.0
Praga-Północ,39.73,2,2,774735.0
Praga-Północ,27.58,1,2,601244.0
Wawer,85.0,4,2,985000.0
Praga-Południe,36.96,2,2,703804.0
Wesoła,62.21,3,2,1239000.0
Ursus,53.0,3,2,751000.0
Ursus,53.0,3,2,751000.0
Mokotów,48.0,2,2,999000.0
Praga-Południe,59.08,2,2,1091400.0
Wola,30.0,2,2,1100000.0
Bemowo,53.54,3,2,968200.0
Praga-Południe,36.42,2,2,801240.0
Wola,30.55,1,2,59.0
Białołęka,61.79,3,2,894719.0
Mokotów,39.92,2,2,781633.0
Wawer,75.0,4,2,1190000.0
Wawer,75.26,3,2,1075000.0
Mokotów,38.2,2,2,649333.0
Mokotów,34.49,2,2,726014.0
Mokotów,64.44,3,2,1399000.0
Ochota,57.0,2,2,888000.0
Mokotów,125.0,4,2,9700000.0
Mokotów,185.0,5,2,4112920.0
Praga-Południe,52.8,3,2,725000.0
Targówek,53.5,3,2,650000.0
Białołęka,67.06,3,2,736900.0
Ursus,57.73,3,2,871723.0
Wawer,59.55,3,2,1190000.0
Mokotów,42.2,3,2,725000.0
Praga-Północ,37.77,2,2,590000.0
Mokotów,42.1,2,2,699000.0
Praga-Południe,41.05,2,2,746059.0
Białołęka,56.8,3,2,675920.0
Białołęka,89.0,4,2,12900.0
Wilanów,88.0,5,2,16800.0
Białołęka,55.57,3,2,795595.0
Wola,43.0,2,2,924450.0
Wola,117.0,4,2,2450000.0
Żoliborz,37.0,2,2,649000.0
Śródmieście,77.69,3,2,1850000.0
Wilanów,69.0,3,2,1199000.0
Śródmieście,109.64,4,2,3789944.0
Ursynów,67.0,3,2,1399000.0
Wilanów,72.37,3,2,1364374.0
Ochota,112.57,4,2,1850000.0
Ochota,35.34,1,2,615000.0
Ursus,51.66,3,2,832383.0
Wilanów,134.56,4,2,3928226.0
Mokotów,64.44,3,2,1399000.0
Praga-Południe,33.92,2,2,654656.0
Mokotów,36.0,2,2,683000.0
Ursus,45.66,2,2,716862.0
Bielany,36.6,1,2,580000.0
Ursus,84.4,4,2,1249000.0
Wola,41.0,2,2,949000.0
Włochy,59.0,3,2,1180000.0
Śródmieście,45.73,3,2,899000.0
Wawer,81.0,4,2,11968.0
Bielany,37.0,2,2,758000.0
Białołęka,82.34,3,2,849900.0
Ursynów,94.0,3,2,830000.0
Praga-Południe,34.0,2,2,520000.0
Praga-Północ,53.85,1,2,963915.0
Mokotów,93.0,4,2,19149.0
Białołęka,61.0,3,2,828000.0
Mokotów,31.0,1,2,660000.0
Ursus,25.0,4,2,1200000.0
Wola,33.9,2,2,760000.0
Śródmieście,47.5,2,2,1069000.0
Włochy,50.0,4,2,1205000.0
Targówek,37.0,2,2,800000.0
Bemowo,54.3,2,2,899000.0
Wola,44.24,2,2,752000.0
Mokotów,28.23,1,2,625000.0
Praga-Południe,73.0,3,2,1050000.0
Ursynów,67.0,3,2,1399000.0
Wola,56.0,2,2,1390000.0
Praga-Północ,49.61,2,2,1075000.0
Praga-Południe,51.0,2,2,630000.0
Bielany,56.0,3,2,1290000.0
Praga-Południe,38.24,2,2,650000.0
Praga-Południe,33.92,2,2,654656.0
Praga-Południe,23.7,1,2,420000.0
Praga-Północ,64.0,3,2,730000.0
Praga-Południe,49.0,3,2,750000.0
Praga-Północ,55.0,3,2,899000.0
Białołęka,78.0,4,2,12200.0
Ursus,62.0,3,2,14682.0
Żoliborz,0.51,2,2,1019000.0
Żoliborz,38.0,2,2,600000.0
Targówek,155.07,5,2,1690000.0
Śródmieście,58.8,2,2,1480000.0
Wilanów,68.0,3,2,1500000.0
Bielany,70.55,3,2,1000000.0
Wilanów,54.6,2,2,950000.0
Bemowo,90.3,3,2,1550000.0
Wilanów,87.0,3,2,1870500.0
Targówek,155.07,5,2,1690000.0
Ursus,43.0,2,2,664500.0
Mokotów,40.97,2,2,982050.0
Praga-Północ,43.58,2,2,849810.0
Wola,30.81,2,2,995000.0
Mokotów,65.0,2,2,1500000.0
Białołęka,68.0,3,2,1250000.0
Wola,35.45,2,2,680000.0
Białołęka,106.89,4,2,1689000.0
Białołęka,34.69,2,2,503005.0
Wola,73.0,4,2,18500.0
Wawer,107.59,4,2,1270000.0
Włochy,18.0,3,2,985000.0
Targówek,37.0,2,2,665000.0
Śródmieście,47.0,3,2,1190000.0
Praga-Południe,29.68,1,2,603600.0
Wola,81.18,4,2,1704000.0
Praga-Południe,23.7,1,2,420000.0
Praga-Południe,58.96,3,2,1100000.0
Praga-Południe,102.0,5,2,15518.0
Białołęka,58.41,3,2,794641.0
Białołęka,157.72,6,2,3500000.0
Wola,68.0,3,2,1499999.0
Targówek,55.5,2,2,795000.0
Mokotów,55.0,3,2,1150000.0
Bemowo,65.0,3,2,879000.0
Mokotów,92.0,4,2,16500.0
Praga-Południe,104.0,4,2,18129.0
Wola,46.5,2,2,698000.0
Ochota,92.0,3,2,1830000.0
Ursus,42.4,2,2,659900.0
Ochota,21.8,1,2,499000.0
Wola,38.0,2,2,670000.0
Żoliborz,63.5,4,2,739900.0
Praga-Południe,23.05,1,2,399000.0
Śródmieście,138.0,3,2,8150000.0
Ursynów,37.06,2,2,799000.0
Śródmieście,48.0,3,2,960000.0
Ochota,63.5,4,2,949000.0
Włochy,38.0,2,2,740000.0
Targówek,38.0,3,2,529000.0
Bielany,54.99,2,2,935000.0
Wola,68.0,2,2,1926434.0
Targówek,59.69,3,2,918000.0
Targówek,38.49,2,2,636000.0
Włochy,23.0,1,2,460000.0
Śródmieście,20.0,1,2,409000.0
Praga-Południe,72.1,3,2,70.0
Praga-Południe,58.96,3,2,1100000.0
Bielany,45.89,3,2,897000.0
Bielany,48.0,3,2,829000.0
Praga-Południe,70.1,3,2,840000.0
Białołęka,85.0,4,2,10989.0
Praga-Południe,43.5,2,2,799000.0
Białołęka,75.27,4,2,843024.0
Białołęka,76.62,4,2,804510.0
Białołęka,65.52,3,2,786240.0
Białołęka,40.01,2,2,600150.0
Targówek,27.0,1,2,420000.0
Białołęka,76.37,4,2,801885.0
Białołęka,40.03,2,2,630000.0
Białołęka,40.1,2,2,557760.0
Białołęka,45.0,2,2,695000.0
Śródmieście,274.03,5,2,12900000.0
Wilanów,235.32,5,2,5647680.0
Praga-Południe,152.08,4,2,5200000.0
Włochy,34.23,1,2,619563.0
Mokotów,62.0,2,2,1440000.0
Śródmieście,65.0,2,2,3900000.0
Mokotów,53.0,4,2,925000.0
Ochota,117.9,4,2,3499000.0
Białołęka,31.0,1,2,505000.0
Mokotów,114.0,4,2,2480000.0
Wola,153.7,4,2,2100000.0
Wola,55.0,3,2,1690000.0
Inna,115.0,4,2,1119000.0
Wola,67.84,3,2,1390720.0
Mokotów,76.84,3,2,1649000.0
Śródmieście,50.0,2,2,1175000.0
Bemowo,40.0,2,2,629000.0
Śródmieście,34.42,2,2,822638.0
Bielany,45.89,3,2,897000.0
Śródmieście,50.9,2,2,979000.0
Bemowo,49.32,3,2,902556.0
Bielany,54.6,2,2,1050000.0
Wola,30.0,2,2,479000.0
Wola,23.0,1,2,520000.0
Ursynów,100.86,3,2,1490000.0
Ursynów,56.5,3,2,1015000.0
Mokotów,85.24,5,2,1342530.0
Ochota,50.5,2,2,920000.0
Bemowo,68.5,3,2,1199000.0
Ursus,31.5,2,2,660000.0
Mokotów,52.16,2,2,830000.0
Mokotów,325.0,6,2,9900000.0
Praga-Północ,174.0,5,2,18200.0
Śródmieście,20.0,1,2,599000.0
Białołęka,37.3,1,2,560000.0
Wola,44.5,2,2,1199000.0
Ochota,38.0,2,2,780000.0
Włochy,24.0,1,2,420000.0
Wola,52.0,2,2,1490000.0
Białołęka,45.0,2,2,599000.0
Bemowo,61.2,3,2,1016300.0
Praga-Południe,47.8,2,2,965560.0
Ursus,45.12,2,2,685824.0
Ursus,43.0,2,2,664500.0
Wilanów,71.77,3,2,1643533.0
Ursus,50.0,3,2,747086.0
Targówek,54.12,2,2,1100000.0
Mokotów,45.2,2,2,949000.0
Mokotów,31.0,1,2,480000.0
Śródmieście,50.9,2,2,979000.0
Białołęka,31.76,1,2,555000.0
Praga-Południe,50.7,2,2,699000.0
Białołęka,40.0,3,2,565000.0
Ursus,50.0,3,2,747000.0
Białołęka,136.0,6,2,1770000.0
Wola,37.0,2,2,1099000.0
Wilanów,165.0,6,2,3460000.0
Białołęka,47.0,2,2,670000.0
Targówek,32.4,1,2,534600.0
Bielany,53.33,2,2,750000.0
Ursus,46.0,2,2,650000.0
Targówek,53.0,3,2,600000.0
Bemowo,60.6,2,2,950000.0
Wawer,140.0,5,2,10800.0
Wawer,107.59,4,2,1270000.0
Wilanów,101.0,3,2,1999000.0
Wawer,124.77,5,2,1350000.0
Wola,57.18,1,2,3000000.0
Wola,48.9,2,2,789000.0
Ursus,42.5,2,2,663250.0
Wawer,124.77,5,2,1350000.0
Wola,106.0,5,2,18456.0
Bemowo,77.0,4,2,16300.0
Wola,77.0,4,2,21168.0
Śródmieście,164.62,5,2,2575000.0
Białołęka,31.76,1,2,555000.0
Wawer,59.32,2,2,940000.0
Żoliborz,65.0,4,2,1092000.0
Śródmieście,135.0,5,2,4860000.0
Mokotów,109.7,3,2,1690000.0
Wola,57.2,2,2,1201200.0
Wola,31.0,2,2,540000.0
Śródmieście,93.0,4,2,29500.0
Śródmieście,93.89,4,2,3542600.0
Targówek,59.97,3,2,849295.0
Targówek,44.36,2,2,641135.0
Wawer,127.22,5,2,1449000.0
Mokotów,61.81,3,2,1115000.0
Ochota,48.0,2,2,840000.0
Bielany,156.0,5,2,3276880.0
Mokotów,61.3,3,2,1249000.0
Śródmieście,48.0,2,2,1100000.0
Praga-Południe,76.49,4,2,1199000.0
Ursynów,50.0,2,2,850000.0
Ochota,33.0,1,2,549000.0
Mokotów,34.49,2,2,717392.0
Praga-Północ,47.0,3,2,600000.0
Mokotów,110.49,4,2,2780000.0
Ochota,132.0,4,2,21660.0
Wola,99.0,4,2,23550.0
Mokotów,87.59,4,2,1684093.0
Bemowo,95.0,4,2,16900.0
Wawer,59.32,2,2,940000.0
Targówek,20.4,1,2,385000.0
Białołęka,71.07,2,2,1050347.0
Białołęka,41.47,2,2,626482.0
Wola,40.5,2,2,872000.0
Mokotów,52.21,2,2,939000.0
Wesoła,53.5,3,2,709543.0
Mokotów,93.0,3,2,2205000.0
Praga-Północ,41.84,2,2,1108760.0
Praga-Południe,42.96,2,2,770000.0
Mokotów,72.73,3,2,1382451.0
Wilanów,50.48,2,2,990000.0
Mokotów,65.0,2,2,1170000.0
Praga-Południe,40.74,2,2,699000.0
Wola,49.0,3,2,999000.0
Żoliborz,74.14,3,2,1990000.0
Wola,53.81,2,2,1890000.0
Bielany,29.47,1,2,529000.0
Żoliborz,80.1,3,2,2070000.0
Wola,32.6,1,2,866000.0
Ochota,0.42,3,2,869000.0
Wola,37.4,1,2,1099000.0
Praga-Południe,25.5,1,2,458000.0
Praga-Północ,75.5,3,2,1350000.0
Białołęka,60.0,4,2,749000.0
Wawer,124.77,5,2,1350000.0
Mokotów,83.9,4,2,1870000.0
Ursynów,74.08,3,2,1150000.0
Ochota,120.0,5,2,14349.0
Praga-Południe,149.0,5,2,22900.0
Białołęka,74.2,4,2,994280.0
Targówek,20.4,1,2,385000.0
Białołęka,96.0,4,2,12600.0
Wilanów,84.0,4,2,1990000.0
Wilanów,51.31,2,2,1040000.0
Ochota,43.59,2,2,799000.0
Praga-Północ,255.0,5,2,23115.0
Bemowo,46.7,2,2,831260.0
Ursus,43.0,2,2,664500.0
Praga-Południe,43.0,2,2,929000.0
Ursus,50.0,3,2,747086.0
Śródmieście,72.0,2,2,2799000.0
Wilanów,140.5,4,2,2930000.0
Targówek,65.87,3,2,1199000.0
Bielany,47.6,3,2,650000.0
Żoliborz,81.0,4,2,1849000.0
Włochy,19.0,1,2,399000.0
Śródmieście,50.02,2,2,1049000.0
Śródmieście,62.4,3,2,1375000.0
Mokotów,46.35,2,2,705000.0
Ursus,42.45,2,2,661421.0
Ursus,58.04,3,2,789000.0
Ursus,58.0,3,2,795020.0
Mokotów,57.47,3,2,1598000.0
Ursus,58.05,3,2,820721.0
Ursus,42.4,2,2,660449.0
Bielany,46.25,2,2,740000.0
Włochy,45.0,2,2,854415.0
Mokotów,34.42,2,2,716492.0
Mokotów,80.06,4,2,1340000.0
Mokotów,39.0,2,2,740970.0
Białołęka,80.0,3,2,598000.0
Wilanów,84.0,4,2,1990000.0
Śródmieście,46.39,3,2,1200000.0
Białołęka,119.1,4,2,1950039.0
Białołęka,36.93,2,2,542871.0
Mokotów,51.85,2,2,1150000.0
Wola,66.89,2,2,2500000.0
Mokotów,37.45,2,2,1000000.0
Ursus,43.0,2,2,664500.0
Ursus,34.0,2,2,545790.0
Śródmieście,111.63,3,2,3572160.0
Śródmieście,134.3,3,2,3900000.0
Praga-Południe,52.1,2,2,779000.0
Ursynów,32.0,1,2,650000.0
Białołęka,72.0,4,2,12318.0
Praga-Południe,45.4,2,2,580000.0
Wilanów,53.0,2,2,1225000.0
Mokotów,49.6,2,2,899000.0
Inna,65.15,4,2,729000.0
Wola,37.0,2,2,690000.0
Ursus,38.34,2,2,657573.0
Ursynów,0.87,4,2,1500000.0
Praga-Południe,34.0,2,2,649000.0
Białołęka,30.7,1,2,460000.0
Ursynów,67.0,3,2,1399000.0
Ochota,41.66,2,2,719000.0
Bielany,49.38,2,2,939000.0
Wesoła,90.0,4,2,990000.0
Ursus,84.48,4,2,1250000.0
Bemowo,79.0,4,2,15600.0
Śródmieście,46.39,3,2,1200000.0
Ochota,50.0,3,2,970000.0
Żoliborz,46.67,2,2,1420000.0
Wilanów,81.9,3,2,1690000.0
Bemowo,79.0,4,2,15600.0
Śródmieście,41.0,2,2,770000.0
Białołęka,89.0,4,2,10900.0
Wola,92.0,4,2,20990.0
Praga-Północ,65.0,4,2,19900.0
Bemowo,109.0,3,2,17252.0
Białołęka,72.0,4,2,13283.0
Bielany,48.0,3,2,880000.0
Ochota,46.6,3,2,829000.0
Białołęka,36.0,2,2,705000.0
Mokotów,76.84,3,2,1649000.0
Bemowo,49.9,2,2,750000.0
Śródmieście,19.73,1,2,470000.0
Wola,54.5,3,2,1290000.0
Mokotów,62.55,3,2,1500000.0
Ochota,27.02,1,2,635000.0
Ursynów,191.28,5,2,2200000.0
Mokotów,56.3,3,2,795000.0
Mokotów,57.4,2,2,1430000.0
Wola,68.0,2,2,1926434.0
Ursus,30.0,1,2,466978.0
Wola,56.06,3,2,1280000.0
Wola,65.45,3,2,1390000.0
Praga-Północ,86.4,4,2,1468800.0
Ursus,50.0,3,2,747086.0
Śródmieście,41.0,2,2,770000.0
Ursus,50.67,3,2,754983.0
Białołęka,84.0,4,2,13349.0
Białołęka,64.27,4,2,818287.0
Ursynów,135.0,5,2,2536583.0
Ursus,34.0,2,2,545790.0
Praga-Północ,36.1,1,2,525000.0
Białołęka,59.99,3,2,818264.0
Śródmieście,39.0,2,2,1100000.0
Targówek,55.7,4,2,799000.0
Targówek,47.0,2,2,580000.0
Ursus,35.06,2,2,599000.0
Włochy,82.0,4,2,1267171.0
Włochy,67.0,3,2,16016.0
Ursus,59.0,4,2,17924.0
Bielany,111.0,4,2,21200.0
Mokotów,51.84,2,2,1508544.0
Ursynów,130.0,5,2,23000.0
Bielany,59.0,3,2,21750.0
Ursus,50.67,3,2,754983.0
Białołęka,39.03,4,2,850000.0
Ursus,58.72,3,2,951264.0
Wola,38.0,2,2,720000.0
Ursus,42.64,2,2,656433.0
Ursus,32.03,1,2,514991.0
Ursus,26.86,1,2,458222.0
Mokotów,53.0,3,2,910000.0
Praga-Północ,64.0,3,2,14902.0
Białołęka,59.0,3,2,13215.0
Mokotów,120.0,5,2,16844.0
Praga-Północ,66.0,4,2,1451000.0
Śródmieście,22.0,1,2,459000.0
Żoliborz,47.0,4,2,845000.0
Rembertów,26.65,2,2,380000.0
Wola,50.6,3,2,1040000.0
Wola,49.0,2,2,949000.0
Białołęka,46.5,2,2,740000.0
Wola,43.98,2,2,879000.0
Targówek,56.0,2,2,859000.0
Praga-Południe,59.0,3,2,925000.0
Białołęka,64.8,3,2,899000.0
Śródmieście,60.49,2,2,2957961.0
Mokotów,52.8,3,2,660000.0
Bemowo,107.0,4,2,17237.0
Wola,60.6,2,2,1199000.0
Białołęka,82.0,4,2,12245.0
Białołęka,54.08,3,2,716516.0
Białołęka,59.28,4,2,985530.0
Białołęka,39.03,4,2,850000.0
Wawer,54.0,3,2,14062.0
Białołęka,101.0,3,2,12997.0
Mokotów,109.0,4,2,18374.0
Białołęka,59.0,4,2,16624.0
Targówek,73.0,4,2,13902.0
Ursus,26.5,1,2,463170.0
Wawer,77.68,4,2,949000.0
Ursus,34.0,2,2,540067.0
Ochota,84.0,3,2,1390000.0
Ursus,50.0,3,2,747086.0
Śródmieście,56.9,4,2,907000.0
Praga-Południe,192.0,5,2,3700000.0
Wola,50.55,3,2,909000.0
Wola,51.0,2,2,915000.0
Białołęka,100.0,3,2,1170000.0
Wawer,50.05,2,2,665665.0
Wola,51.59,2,2,849000.0
Mokotów,112.0,4,2,26714.0
Żoliborz,63.1,2,2,999000.0
Mokotów,56.2,3,2,850000.0
Wola,68.0,2,2,1926434.0
Praga-Południe,56.05,3,2,924825.0
Białołęka,40.06,2,2,560439.0
Białołęka,29.95,1,2,494175.0
Mokotów,39.56,2,2,905132.0
Ursus,58.04,3,2,789344.0
Praga-Północ,115.0,5,2,1379999.0
Praga-Południe,71.0,3,2,1299000.0
Bielany,37.0,2,2,629000.0
Wola,31.35,1,2,783000.0
Mokotów,26.0,1,2,515000.0
Wesoła,73.9,3,2,886800.0
Wilanów,56.03,3,2,1081379.0
Praga-Północ,40.86,2,2,715050.0
Ursynów,102.73,4,2,2075146.0
Białołęka,36.16,2,2,538784.0
Mokotów,37.69,2,2,691611.0
Praga-Północ,50.84,3,2,981974.0
Bielany,76.85,4,2,1360245.0
Białołęka,37.98,2,2,589740.0
Białołęka,66.51,3,2,759371.0
Targówek,35.89,2,2,581418.0
Włochy,30.9,1,2,533665.0
Włochy,48.86,2,2,831205.0
Praga-Południe,47.29,2,2,828469.0
Praga-Północ,27.58,1,2,606760.0
Białołęka,59.0,3,2,728040.0
Białołęka,43.36,2,2,661673.0
Białołęka,84.26,4,2,1219201.0
Wola,51.8,2,2,1319000.0
Białołęka,64.89,3,2,885748.0
Bemowo,43.67,2,2,820765.0
Mokotów,120.0,4,2,2021280.0
Białołęka,78.72,4,2,952512.0
Wola,55.1,3,2,1505119.0
Białołęka,59.15,3,2,757458.0
Mokotów,26.16,1,2,421176.0
Wola,68.0,2,2,1926434.0
Ursynów,40.96,2,2,973410.0
Bielany,59.38,2,2,1324174.0
Białołęka,37.54,2,2,555018.0
Bielany,67.56,3,2,1392276.0
Białołęka,40.24,2,2,519000.0
Bielany,37.0,2,2,629000.0
Praga-Północ,72.0,4,2,19095.0
Bielany,48.5,3,2,699000.0
Białołęka,96.21,4,2,1430000.0
Wawer,47.73,2,2,739000.0
Praga-Południe,59.0,2,2,15385.0
Śródmieście,154.0,5,2,32007.0
Bielany,111.0,4,2,21200.0
Białołęka,58.3,4,2,815000.0
Mokotów,164.7,4,2,2700000.0
Wola,41.0,2,2,1050000.0
Ursynów,58.85,2,2,980000.0
Mokotów,37.0,2,2,764000.0
Mokotów,37.0,2,2,764000.0
Ursynów,80.4,3,2,1185500.0
Bielany,113.0,4,2,18400.0
Ochota,47.0,3,2,1020000.0
Białołęka,51.3,2,2,830000.0
Ursus,48.4,2,2,704000.0
Bemowo,55.44,3,2,990000.0
Wola,30.55,1,2,59.0
Mokotów,48.78,2,2,1000000.0
Bielany,24.4,1,2,479000.0
Włochy,51.0,2,2,790000.0
Wawer,85.0,4,2,1150000.0
Żoliborz,125.0,5,2,25443.0
Bielany,48.5,3,2,699000.0
